cluster,query,intent,target_url
CORE COMMERCIAL,animatori petreceri copii,commercial,https://animaparty.ro/
CORE COMMERCIAL,animatori copii,commercial,https://animaparty.ro/
CORE COMMERCIAL,animatori pentru copii,commercial,https://animaparty.ro/
BUCURESTI,animatori petreceri copii Bucuresti,local commercial,https://animaparty.ro/animatori-petreceri-copii-bucuresti/
BUCURESTI,animatori copii Bucuresti,local commercial,https://animaparty.ro/animatori-petreceri-copii-bucuresti/
ILFOV,animatori petreceri copii Ilfov,local commercial,https://animaparty.ro/animatori-petreceri-copii-ilfov/
ILFOV,animatori copii Ilfov,local commercial,https://animaparty.ro/animatori-petreceri-copii-ilfov/
INFORMATIONAL,cum aleg animator pentru petrecere copii,informational,https://animaparty.ro/animatori-petreceri-copii/
INFORMATIONAL,cati animatori la petrecere copii,informational,https://animaparty.ro/animatori-petreceri-copii/
