"URL","INLINKS","OUTLINKS","DEPTH_FROM_HOME","ORPHAN"
"/","11","11","0","NO"
"/animatori-petreceri-copii-bucuresti/","11","11","1","NO"
"/animatori-petreceri-copii-ilfov/","11","11","1","NO"
"/animatori-petreceri-copii/","11","11","1","NO"
"/servicii/","11","11","1","NO"
"/mascote-petreceri-copii/","11","11","1","NO"
"/animatori-pe-picioroange/","11","11","1","NO"
"/decoratiuni-baloane-bucuresti/","11","11","1","NO"
"/magician-petreceri-copii/","11","11","1","NO"
"/vata-de-zahar-popcorn-evenimente/","11","11","1","NO"
"/contact/","11","11","1","NO"
