URL,Competitor,Keyword,Competitor_Feature,Gap_Identified
https://animaparty.ro/,NONE,Animatori petreceri copii Bucuresti,UNAVAILABLE,Cannot extract precise top 10 competitors without SEO API.
https://animaparty.ro/animatori-pe-picioroange/,NONE,Animatori pe picioroange Bucuresti,UNAVAILABLE,Cannot extract precise top 10 competitors without SEO API.
https://animaparty.ro/animatori-petreceri-copii-bucuresti/,NONE,Animatori copii Bucuresti,UNAVAILABLE,Cannot extract precise top 10 competitors without SEO API.
https://animaparty.ro/animatori-petreceri-copii-ilfov/,NONE,Animatori copii Ilfov,UNAVAILABLE,Cannot extract precise top 10 competitors without SEO API.
https://animaparty.ro/animatori-petreceri-copii/,NONE,Animatori petreceri copii,UNAVAILABLE,Cannot extract precise top 10 competitors without SEO API.
https://animaparty.ro/contact/,NONE,Contact AnimaParty,UNAVAILABLE,Cannot extract precise top 10 competitors without SEO API.
https://animaparty.ro/decoratiuni-baloane-bucuresti/,NONE,Decoratiuni baloane botez Bucuresti,UNAVAILABLE,Cannot extract precise top 10 competitors without SEO API.
https://animaparty.ro/magician-petreceri-copii/,NONE,Magician petreceri copii Bucuresti,UNAVAILABLE,Cannot extract precise top 10 competitors without SEO API.
https://animaparty.ro/mascote-petreceri-copii/,NONE,Mascote petreceri copii Bucuresti,UNAVAILABLE,Cannot extract precise top 10 competitors without SEO API.
https://animaparty.ro/servicii/,NONE,Servicii petreceri copii Bucuresti,UNAVAILABLE,Cannot extract precise top 10 competitors without SEO API.
https://animaparty.ro/vata-de-zahar-popcorn-evenimente/,NONE,Vata de zahar petreceri copii Bucuresti,UNAVAILABLE,Cannot extract precise top 10 competitors without SEO API.
