URL,Target_Keyword,Current_Rank,Notes
https://animaparty.ro/,Animatori petreceri copii Bucuresti,UNAVAILABLE,No dedicated SEO SERP API available to extract exact domain positions.
https://animaparty.ro/animatori-pe-picioroange/,Animatori pe picioroange Bucuresti,UNAVAILABLE,No dedicated SEO SERP API available to extract exact domain positions.
https://animaparty.ro/animatori-petreceri-copii-bucuresti/,Animatori copii Bucuresti,UNAVAILABLE,No dedicated SEO SERP API available to extract exact domain positions.
https://animaparty.ro/animatori-petreceri-copii-ilfov/,Animatori copii Ilfov,UNAVAILABLE,No dedicated SEO SERP API available to extract exact domain positions.
https://animaparty.ro/animatori-petreceri-copii/,Animatori petreceri copii,UNAVAILABLE,No dedicated SEO SERP API available to extract exact domain positions.
https://animaparty.ro/contact/,Contact AnimaParty,UNAVAILABLE,No dedicated SEO SERP API available to extract exact domain positions.
https://animaparty.ro/decoratiuni-baloane-bucuresti/,Decoratiuni baloane botez Bucuresti,UNAVAILABLE,No dedicated SEO SERP API available to extract exact domain positions.
https://animaparty.ro/magician-petreceri-copii/,Magician petreceri copii Bucuresti,UNAVAILABLE,No dedicated SEO SERP API available to extract exact domain positions.
https://animaparty.ro/mascote-petreceri-copii/,Mascote petreceri copii Bucuresti,UNAVAILABLE,No dedicated SEO SERP API available to extract exact domain positions.
https://animaparty.ro/servicii/,Servicii petreceri copii Bucuresti,UNAVAILABLE,No dedicated SEO SERP API available to extract exact domain positions.
https://animaparty.ro/vata-de-zahar-popcorn-evenimente/,Vata de zahar petreceri copii Bucuresti,UNAVAILABLE,No dedicated SEO SERP API available to extract exact domain positions.
